epochs,Bert,Distilbert,XML,Camembert
2,0.7587902546,0.7657676339,1.2286831141,0.8071491122
3,0.6749621034,0.6919463873,1.2378213406,0.7586932182
