epochs,Bert,Distilbert,XML,Camembert
2,0.6886763813,0.68433136,0.59375,0.6843543956
3,0.6790525114,0.6884322679,0.6041666667,0.6836071429
